{"image1": {"psnr": 6.77165098036582, "ssim": 5.635377146671184}, "image2": {"psnr": 19.435461329715675, "ssim": 2.9323628146890734}, "image3": {"psnr": 14.459665477825316, "ssim": 14.78882243196981}}