{"image1": {"psnr": 5.307207785849459, "ssim": 9.961134044750853}, "image2": {"psnr": 12.113990780296476, "ssim": 19.978616356525286}, "image3": {"psnr": 11.156455331493344, "ssim": 8.721875827751333}}