{"image1": {"psnr": 17.984602514168547, "ssim": 6.331382860297188}, "image2": {"psnr": 13.098361846678525, "ssim": 2.7548387133707153}, "image3": {"psnr": 14.857521891344462, "ssim": 8.92004764017315}}