{"image1": {"psnr": 13.422751531648313, "ssim": 10.351269479202985}, "image2": {"psnr": 0.7686100868561674, "ssim": 0.945375058311555}, "image3": {"psnr": 8.150903535574432, "ssim": 12.707598699290465}}