{"image1": {"psnr": 10.156156394436163, "ssim": 12.716241709259581}, "image2": {"psnr": 13.10423093749854, "ssim": 3.679548854425796}, "image3": {"psnr": 13.91010722236812, "ssim": 7.967219321748676}}