{"Architecture": {"psnr": 23.87239217529256, "ssim": 0.6865895976059591, "mse": 266.58833567301434}, "Penguin": {"psnr": 21.505412569123145, "ssim": 0.5585538301811611, "mse": 459.7683842976888}, "Wolf": {"psnr": 23.702261432535607, "ssim": 0.6503534134486331, "mse": 277.2389322916667}, "Basket": {"psnr": 21.461745425123855, "ssim": 0.5167434816263818, "mse": 464.41455078125}, "Portrait": {"psnr": 24.435558789428093, "ssim": 0.7337985858743901, "mse": 234.1663475036621}}