{"image1": {"psnr": 1.761399961634078, "ssim": 5.233848794968967}, "image2": {"psnr": 17.898106988455844, "ssim": 0.15732427029073737}, "image3": {"psnr": 12.11322777123751, "ssim": 14.94290564777395}}