{"image1": {"psnr": 23.32770080434994, "ssim": 0.7264563354296888, "mse": 302.2110087076823, "uqi": 0.9826273805706843}, "image2": {"psnr": 25.352989594654115, "ssim": 0.7738874063696842, "mse": 189.5751469930013, "uqi": 0.9795290530257433}, "image3": {"psnr": 26.399891983029384, "ssim": 0.8186023140047594, "mse": 148.96737416585287, "uqi": 0.9854929802078889}}