{"image1": {"psnr": 23.941431573296512, "ssim": 0.7572396421230408, "mse": 262.38391240437824, "uqi": 0.9846307994005296}, "image2": {"psnr": 25.598967847837404, "ssim": 0.7865613898414211, "mse": 179.13629023234049, "uqi": 0.9823519003910425}, "image3": {"psnr": 28.224823643230703, "ssim": 0.844156198628662, "mse": 97.85837427775066, "uqi": 0.9889579865067214}}