{"image1": {"psnr": 11.999515470720066, "ssim": 15.650249842377356}, "image2": {"psnr": 15.487828666826449, "ssim": 16.00579378409527}, "image3": {"psnr": 7.281395232413759, "ssim": 6.166166948604204}}