{"Architecture": {"psnr": 23.794855949740228, "ssim": 0.6794573735610228, "mse": 271.3905779520671}, "Penguin": {"psnr": 21.442714825432496, "ssim": 0.5495701953490784, "mse": 466.4540608723958}, "Wolf": {"psnr": 23.6324159170008, "ssim": 0.6441737886112651, "mse": 281.73368072509766}, "Basket": {"psnr": 21.403875342715963, "ssim": 0.5066823950254741, "mse": 470.64432525634766}, "Portrait": {"psnr": 24.384254922676387, "ssim": 0.7291667700198293, "mse": 236.94899368286133}}