{"SRGAN-MSE": {"psnr": 26.3033618863105, "ssim": 0.7342302384802574, "mse": 152.31552517361112, "rmse": 12.341617607656264, "d_lambda": 0.005088443619533645}, "SRGAN-VGG22": {"psnr": 25.215792509794998, "ssim": 0.7506492731172884, "mse": 195.65957682291668, "rmse": 13.98783674564858, "d_lambda": 0.012082948660986062}, "SRGAN-VGG54": {"psnr": 24.837591314854492, "ssim": 0.7264469220224274, "mse": 213.4623220486111, "rmse": 14.610349826359775, "d_lambda": 0.025141112003768857}, "SRResNet-VGG22": {"psnr": 26.206467263368705, "ssim": 0.8060234912725283, "mse": 155.75200086805555, "rmse": 12.480064137177163, "d_lambda": 0.0196939200548711}, "VDSR": {"psnr": 26.981010972404857, "ssim": 0.8143308169391617, "mse": 130.31045572916668, "rmse": 11.415360516828484, "d_lambda": 0.0021053855723410413}, "SRCNN": {"psnr": 26.027793785961425, "ssim": 0.7934813078400836, "mse": 162.29344618055555, "rmse": 12.73944450047001, "d_lambda": 0.0014101137787801976}}