{"SRGAN-MSE": {"PSNR": 26.3033618863105, "SSIM": 0.7342302384802574, "MSE": 152.31552517361112, "D_LAMBDA": 0.005088443619533645, "BRISQUE": 23.0695262434773}, "SRGAN-VGG22": {"PSNR": 25.215792509794998, "SSIM": 0.7506492731172884, "MSE": 195.65957682291668, "D_LAMBDA": 0.012082948660986062, "BRISQUE": 46.58454146786448}, "SRGAN-VGG54": {"PSNR": 24.837591314854492, "SSIM": 0.7264469220224274, "MSE": 213.4623220486111, "D_LAMBDA": 0.025141112003768857, "BRISQUE": 56.68073744546962}, "SRResNet-MSE": {"PSNR": 27.900057937885148, "SSIM": 0.845502659709472, "MSE": 105.45679470486111, "D_LAMBDA": 0.002919237741431694, "BRISQUE": 46.69880082961595}, "SRResNet-VGG22": {"PSNR": 26.206467263368705, "SSIM": 0.8060234912725283, "MSE": 155.75200086805555, "D_LAMBDA": 0.0196939200548711, "BRISQUE": 63.394803579215136}, "VDSR": {"PSNR": 26.981010972404857, "SSIM": 0.8143308169391617, "MSE": 130.31045572916668, "D_LAMBDA": 0.0021053855723410413, "BRISQUE": 45.536354093178716}, "SRCNN": {"PSNR": 26.027793785961425, "SSIM": 0.7934813078400836, "MSE": 162.29344618055555, "D_LAMBDA": 0.0014101137787801976, "BRISQUE": 56.57184731490304}}