{"SRGAN-MSE": {"psnr": 20.381432836594993, "ssim": 0.5323937589356014, "mse": 595.5758472222223, "rmse": 24.40442269799108, "d_lambda": 0.006332593906465345}, "SRGAN-VGG22": {"psnr": 19.711067435839, "ssim": 0.49251948806126683, "mse": 694.9820972222223, "rmse": 26.362513105207217, "d_lambda": 0.013660951270618763}, "SRGAN-VGG54": {"psnr": 19.147926147199016, "ssim": 0.4798153373797745, "mse": 791.2026736111111, "rmse": 28.12832511208428, "d_lambda": 0.011838619855514598}, "SRResNet-VGG22": {"psnr": 20.231361516984578, "ssim": 0.5246937311452562, "mse": 616.5157972222222, "rmse": 24.829736148864374, "d_lambda": 0.007655045701717822}, "VDSR": {"psnr": 20.535150186243406, "ssim": 0.5446283607031893, "mse": 574.8643041666667, "rmse": 23.976327995893506, "d_lambda": 0.001505042183301534}, "SRCNN": {"psnr": 20.358878637192465, "ssim": 0.52140154811626, "mse": 598.6768944444444, "rmse": 24.46787474310845, "d_lambda": 0.0011438497012942195}}