{"SRGAN-MSE": {"PSNR": 20.381432836594993, "SSIM": 0.5323937589356014, "MSE": 595.5758472222223, "D_LAMBDA": 0.006332593906465345, "BRISQUE": 46.81576321327134}, "SRGAN-VGG22": {"PSNR": 19.711067435839, "SSIM": 0.49251948806126683, "MSE": 694.9820972222223, "D_LAMBDA": 0.013660951270618763, "BRISQUE": 55.00086906691013}, "SRGAN-VGG54": {"PSNR": 19.147926147199016, "SSIM": 0.4798153373797745, "MSE": 791.2026736111111, "D_LAMBDA": 0.011838619855514598, "BRISQUE": 64.00115872503193}, "SRResNet-MSE": {"PSNR": 20.84036908566375, "SSIM": 0.5814621472934864, "MSE": 535.8502680555556, "D_LAMBDA": 0.004518507663869076, "BRISQUE": 51.70634898834044}, "SRResNet-VGG22": {"PSNR": 20.231361516984578, "SSIM": 0.5246937311452562, "MSE": 616.5157972222222, "D_LAMBDA": 0.007655045701717822, "BRISQUE": 76.6176143000622}, "VDSR": {"PSNR": 20.535150186243406, "SSIM": 0.5446283607031893, "MSE": 574.8643041666667, "D_LAMBDA": 0.001505042183301534, "BRISQUE": 52.923294089882916}, "SRCNN": {"PSNR": 20.358878637192465, "SSIM": 0.52140154811626, "MSE": 598.6768944444444, "D_LAMBDA": 0.0011438497012942195, "BRISQUE": 62.2559954071952}}