{"SRGAN-MSE": {"PSNR": 31.075052932662246, "SSIM": 0.8750116294119703, "MSE": 50.766248067220054, "D_LAMBDA": 0.0033702617179790133, "BRISQUE": 27.899542904949158}, "SRGAN-VGG22": {"PSNR": 29.540760303830602, "SSIM": 0.829048246874193, "MSE": 72.27770105997722, "D_LAMBDA": 0.006746422123349305, "BRISQUE": 25.105867788156047}, "SRGAN-VGG54": {"PSNR": 28.413167033820322, "SSIM": 0.8194673008257388, "MSE": 93.70519256591797, "D_LAMBDA": 0.006799477624025663, "BRISQUE": 27.495699254550573}, "SRResNet-MSE": {"PSNR": 32.18599006856878, "SSIM": 0.9103768647954125, "MSE": 39.30803680419922, "D_LAMBDA": 0.001976707055263575, "BRISQUE": 49.38490412079568}, "SRResNet-VGG22": {"PSNR": 30.245214175846446, "SSIM": 0.8811111223655045, "MSE": 61.45524342854818, "D_LAMBDA": 0.008654865527443914, "BRISQUE": 36.436104714542466}, "VDSR": {"PSNR": 30.664949809712954, "SSIM": 0.8842314523382323, "MSE": 55.79372787475586, "D_LAMBDA": 0.0016260598915231645, "BRISQUE": 52.3944847782476}, "SRCNN": {"PSNR": 30.664949809712954, "SSIM": 0.8842314523382323, "MSE": 55.79372787475586, "D_LAMBDA": 0.0016260598915231645, "BRISQUE": 52.3944847782476}}