{"SRGAN-MSE": {"psnr": 30.559809994802585, "ssim": 0.931945022889515, "mse": 57.16093991126543, "rmse": 7.560485428282064, "d_lambda": 0.010237387377993382}, "SRGAN-VGG22": {"psnr": 29.68563556155806, "ssim": 0.9052459345241077, "mse": 69.90637860082305, "rmse": 8.361003444612557, "d_lambda": 0.015810415890558094}, "SRGAN-VGG54": {"psnr": 29.327638755473266, "ssim": 0.8957199023004323, "mse": 75.91305780606996, "rmse": 8.712809983356113, "d_lambda": 0.03712098076802835}, "SRResNet-VGG22": {"psnr": 31.130563041645093, "ssim": 0.9282678588969402, "mse": 50.121499646347736, "rmse": 7.079653921368455, "d_lambda": 0.02928298609395056}, "VDSR": {"psnr": 29.99654581772547, "ssim": 0.9222226678126971, "mse": 65.07673852237654, "rmse": 8.067015465609108, "d_lambda": 0.0052871856926130865}, "SRCNN": {"psnr": 28.373784700258895, "ssim": 0.9036664756427872, "mse": 94.55878665123457, "rmse": 9.724134236590658, "d_lambda": 0.0023527098255036365}}