{"SRGAN-MSE": {"PSNR": 30.559809994802585, "SSIM": 0.931945022889515, "MSE": 57.16093991126543, "D_LAMBDA": 0.010237387377993382, "BRISQUE": 30.58580946715506}, "SRGAN-VGG22": {"PSNR": 29.68563556155806, "SSIM": 0.9052459345241077, "MSE": 69.90637860082305, "D_LAMBDA": 0.015810415890558094, "BRISQUE": 30.40258751424267}, "SRGAN-VGG54": {"PSNR": 29.327638755473266, "SSIM": 0.8957199023004323, "MSE": 75.91305780606996, "D_LAMBDA": 0.03712098076802835, "BRISQUE": 34.62997978427461}, "SRResNet-MSE": {"PSNR": 32.51739290359825, "SSIM": 0.9549251697558069, "MSE": 36.420094682355966, "D_LAMBDA": 0.010792229188263575, "BRISQUE": 44.424482651603284}, "SRResNet-VGG22": {"PSNR": 31.130563041645093, "SSIM": 0.9282678588969402, "MSE": 50.121499646347736, "D_LAMBDA": 0.02928298609395056, "BRISQUE": 38.57758920119193}, "VDSR": {"PSNR": 29.99654581772547, "SSIM": 0.9222226678126971, "MSE": 65.07673852237654, "D_LAMBDA": 0.0052871856926130865, "BRISQUE": 47.345785593956634}, "SRCNN": {"PSNR": 28.373784700258895, "SSIM": 0.9036664756427872, "MSE": 94.55878665123457, "D_LAMBDA": 0.0023527098255036365, "BRISQUE": 59.92612637810305}}