{"SRGAN-MSE": {"PSNR": 25.469718699188746, "SSIM": 0.9245411148335645, "MSE": 184.54763793945312, "D_LAMBDA": 0.0054438246167619235, "BRISQUE": 38.172161820379415}, "SRGAN-VGG22": {"PSNR": 24.656842214954416, "SSIM": 0.8955932282143029, "MSE": 222.53387959798178, "D_LAMBDA": 0.006224065085772038, "BRISQUE": 36.75404210047259}, "SRGAN-VGG54": {"PSNR": 24.06614900871947, "SSIM": 0.893241824877431, "MSE": 254.9561309814453, "D_LAMBDA": 0.019953721012742693, "BRISQUE": 45.16445346125158}, "SRResNet-MSE": {"PSNR": 26.726778800757064, "SSIM": 0.9404287127586005, "MSE": 138.16641235351562, "D_LAMBDA": 0.0012602032760964756, "BRISQUE": 47.744211739485536}, "SRResNet-VGG22": {"PSNR": 26.003622177775448, "SSIM": 0.9284974800666639, "MSE": 163.1992441813151, "D_LAMBDA": 0.002588669846669204, "BRISQUE": 39.47880795192407}, "VDSR": {"PSNR": 21.236389045200696, "SSIM": 0.8193879534254863, "MSE": 489.1493225097656, "D_LAMBDA": 0.0015792804350055107, "BRISQUE": 46.20082185261367}, "SRCNN": {"PSNR": 21.236389045200696, "SSIM": 0.8193879534254863, "MSE": 489.1493225097656, "D_LAMBDA": 0.0015792804350055107, "BRISQUE": 46.20082185261367}}