{"SRGAN-MSE": {"PSNR": 28.410609146641402, "SSIM": 0.7803635270166352, "MSE": 93.7603988647461, "D_LAMBDA": 0.005503514551506697, "BRISQUE": 42.23753921226819}, "SRGAN-VGG22": {"PSNR": 27.492241902887308, "SSIM": 0.7587007013130259, "MSE": 115.83936564127605, "D_LAMBDA": 0.015111067699825434, "BRISQUE": 32.93008134050933}, "SRGAN-VGG54": {"PSNR": 27.21422780172473, "SSIM": 0.744780487552767, "MSE": 123.49733352661133, "D_LAMBDA": 0.02651792170949111, "BRISQUE": 48.404012369823135}, "SRResNet-MSE": {"PSNR": 30.407589470529828, "SSIM": 0.8407563812334856, "MSE": 59.19996007283529, "D_LAMBDA": 0.0022853252222575504, "BRISQUE": 49.745749641913335}, "SRResNet-VGG22": {"PSNR": 28.912090619091806, "SSIM": 0.8113763920215759, "MSE": 83.53554280598958, "D_LAMBDA": 0.004604175944708447, "BRISQUE": 53.53763927722423}, "VDSR": {"PSNR": 28.577196990281017, "SSIM": 0.8063900334559874, "MSE": 90.2320162455241, "D_LAMBDA": 0.001655870753281626, "BRISQUE": 56.182621566803505}, "SRCNN": {"PSNR": 28.577196990281017, "SSIM": 0.8063900334559874, "MSE": 90.2320162455241, "D_LAMBDA": 0.001655870753281626, "BRISQUE": 56.182621566803505}}