{"SRGAN-MSE": {"PSNR": 28.256511235355898, "SSIM": 0.7757617038061183, "MSE": 97.14696502685547, "D_LAMBDA": 0.003999013479697684, "BRISQUE": 26.185432629428874}, "SRGAN-VGG22": {"PSNR": 27.95950614339614, "SSIM": 0.7825087528692652, "MSE": 104.02308909098308, "D_LAMBDA": 0.006323589688026524, "BRISQUE": 29.609080083329445}, "SRGAN-VGG54": {"PSNR": 27.37396193324933, "SSIM": 0.7625572871572931, "MSE": 119.03760147094727, "D_LAMBDA": 0.016148037609056955, "BRISQUE": 40.958411621296136}, "SRResNet-MSE": {"PSNR": 29.67654378266267, "SSIM": 0.8490533182028349, "MSE": 70.05287806193034, "D_LAMBDA": 0.006647197537478944, "BRISQUE": 46.161780865836135}, "SRResNet-VGG22": {"PSNR": 28.48682083911467, "SSIM": 0.8171405404674781, "MSE": 92.12940724690755, "D_LAMBDA": 0.009119075868793717, "BRISQUE": 49.12401991807212}, "VDSR": {"PSNR": 27.30562532186717, "SSIM": 0.8177528581133148, "MSE": 120.92548243204753, "D_LAMBDA": 0.0031505436427172184, "BRISQUE": 54.64310940693406}, "SRCNN": {"PSNR": 27.30562532186717, "SSIM": 0.8177528581133148, "MSE": 120.92548243204753, "D_LAMBDA": 0.0031505436427172184, "BRISQUE": 54.64310940693406}}