{"2": {"psnr": 31.446553179105855, "ssim": 0.9462588458052791, "mse": 46.60419845581055}, "4": {"psnr": 26.51920753178569, "ssim": 0.8276481473105877, "mse": 144.93043899536133}, "6": {"psnr": 23.794855949740228, "ssim": 0.6794573735610228, "mse": 271.3905779520671}, "8": {"psnr": 22.67240646430981, "ssim": 0.5875431462353702, "mse": 351.43071365356445}}