{"2": {"psnr": 30.251365641758895, "ssim": 0.945438333565055, "mse": 61.36825815836588}, "4": {"psnr": 23.828760509238602, "ssim": 0.7394882847094381, "mse": 269.28013102213544}, "6": {"psnr": 21.403875342715963, "ssim": 0.5066823950254741, "mse": 470.64432525634766}, "8": {"psnr": 20.538878799512492, "ssim": 0.39488338790212824, "mse": 574.370969136556}}