{"2": {"psnr": 33.50653438296599, "ssim": 0.9456609246976467, "mse": 29.00193150838216, "uqi": 0.9963403259247633}, "4": {"psnr": 28.224823643230703, "ssim": 0.844156198628662, "mse": 97.85837427775066, "uqi": 0.9889579865067214}, "8": {"psnr": 22.904134815747668, "ssim": 0.6355328447981655, "mse": 333.1707598368327, "uqi": 0.9677485540023564}}