{"2": {"psnr": 29.29888296624291, "ssim": 0.93751897119907, "mse": 76.41736602783203, "uqi": 0.9953325269516142}, "4": {"psnr": 23.941431573296512, "ssim": 0.7572396421230408, "mse": 262.38391240437824, "uqi": 0.9846307994005296}, "8": {"psnr": 20.450556666964566, "ssim": 0.4342951114965821, "mse": 586.1714935302734, "uqi": 0.9649711171833412}}