{"2": {"psnr": 30.159538642987208, "ssim": 0.9379233065179999, "mse": 62.679640452067055, "uqi": 0.9921742549580809}, "4": {"psnr": 25.598967847837404, "ssim": 0.7865613898414211, "mse": 179.13629023234049, "uqi": 0.9823519003910425}, "8": {"psnr": 22.61755713279652, "ssim": 0.5523760347325717, "mse": 355.8972625732422, "uqi": 0.9618985085264184}}