{"2": {"psnr": 29.29888296624291, "ssim": 0.93751897119907, "mse": 76.41736602783203}, "4": {"psnr": 23.941431573296512, "ssim": 0.7572396421230408, "mse": 262.38391240437824}, "6": {"psnr": 21.442714825432496, "ssim": 0.5495701953490784, "mse": 466.4540608723958}, "8": {"psnr": 20.450556666964566, "ssim": 0.4342951114965821, "mse": 586.1714935302734}}