{"2": {"psnr": 30.637034054419082, "ssim": 0.9471433829428803, "mse": 56.153516133626304}, "4": {"psnr": 26.04834039441443, "ssim": 0.8265646886605283, "mse": 161.52744420369467}, "6": {"psnr": 24.384254922676387, "ssim": 0.7291667700198293, "mse": 236.94899368286133}, "8": {"psnr": 23.66419251541511, "ssim": 0.6722908376142683, "mse": 279.67980575561523}}