{"2": {"psnr": 30.159538642987208, "ssim": 0.9379233065179999, "mse": 62.679640452067055}, "4": {"psnr": 25.598967847837404, "ssim": 0.7865613898414211, "mse": 179.13629023234049}, "6": {"psnr": 23.6324159170008, "ssim": 0.6441737886112651, "mse": 281.73368072509766}, "8": {"psnr": 22.61755713279652, "ssim": 0.5523760347325717, "mse": 355.8972625732422}}